timestamp_ns,pid,cpu,refs,misses,cache_level,comm
37776795717526,426028,0,0,133,0,b'stress-ng-aio'
37776795720365,426028,0,5601,0,0,b'stress-ng-aio'
37777027673784,426037,0,41767,0,0,b'stress-ng-aio'
37777027756571,426037,0,0,925,0,b'stress-ng-aio'
37777027791087,426040,0,0,925,0,b'stress-ng-aio'
37777027822009,426033,0,0,4163,0,b'stress-ng-aio'
37777211226000,426029,0,0,2593,0,b'stress-ng-aio'
37776794316525,426039,2,0,105,0,b'stress-ng-aio'
37776794320189,426039,2,0,105,0,b'stress-ng-aio'
37777027757747,426042,2,17369,0,0,b'stress-ng-aio'
37777027846153,426034,2,17369,0,0,b'stress-ng-aio'
37777027960220,426039,2,0,3861,0,b'stress-ng-aio'
37777211084853,426029,2,0,1088,0,b'stress-ng-aio'
37777211186647,426029,2,0,1088,0,b'stress-ng-aio'
37777211284146,426029,2,0,2287,0,b'stress-ng-aio'
37777211610396,426021,2,23192,0,0,b'stress-ng-aio'
37777211713049,426041,2,0,4933,0,b'stress-ng-aio'
37777302710134,426021,2,13967,0,0,b'stress-ng-aio'
37777302797152,426041,2,13967,0,0,b'stress-ng-aio'
37777302841807,426026,2,32283,0,0,b'stress-ng-aio'
37777302947056,426026,2,0,2692,0,b'stress-ng-aio'
37777302954565,426026,2,118640,0,0,b'stress-ng-aio'
37776794256080,426033,3,0,88,0,b'stress-ng-aio'
37776794258852,426033,3,0,1951,0,b'stress-ng-aio'
37777302706157,426031,3,8877,0,0,b'stress-ng-aio'
37777302744396,426031,3,0,610,0,b'stress-ng-aio'
37777302763800,426027,3,8877,0,0,b'stress-ng-aio'
37777302788754,426030,3,0,3349,0,b'stress-ng-aio'
37777302798763,426030,3,27020,0,0,b'stress-ng-aio'
37777302858137,426041,3,0,27063,0,b'stress-ng-aio'
37777302916344,426031,3,120104,0,0,b'stress-ng-aio'
37777305429601,426027,3,165190,0,0,b'stress-ng-aio'
37777028364239,426030,4,47518,0,0,b'stress-ng-aio'
37777211170491,426029,4,13301,0,0,b'stress-ng-aio'
37777211171965,426029,4,0,1027,0,b'stress-ng-aio'
37777211198112,426037,4,0,1027,0,b'stress-ng-aio'
37777211234702,426037,4,13301,0,0,b'stress-ng-aio'
37777211370765,426037,4,0,5813,0,b'stress-ng-aio'
37777211379940,426037,4,37521,0,0,b'stress-ng-aio'
37777302920761,426035,4,0,4107,0,b'stress-ng-aio'
37777302984408,426024,4,29253,0,0,b'stress-ng-aio'
37777303173812,426036,4,47047,0,0,b'stress-ng-aio'
37777305278540,426036,4,58530,0,0,b'stress-ng-aio'
37776795558802,426043,5,0,378,0,b'stress-ng-aio'
37777027738071,426041,5,19603,0,0,b'stress-ng-aio'
37777027817977,426043,5,19603,0,0,b'stress-ng-aio'
37777027903008,426036,5,47832,0,0,b'stress-ng-aio'
37777028297895,426023,5,106888,0,0,b'stress-ng-aio'
37777302904262,426043,5,9871,0,0,b'stress-ng-aio'
37777302948151,426039,5,9871,0,0,b'stress-ng-aio'
37777303014946,426039,5,38954,0,0,b'stress-ng-aio'
37777305087432,426043,5,84417,0,0,b'stress-ng-aio'
37777578066562,426032,5,6754,0,0,b'stress-ng-aio'
37777302696030,426033,0,0,1188,0,b'stress-ng-aio'
37777302760361,426028,0,0,6630,0,b'stress-ng-aio'
37777577723490,426025,0,4692,0,0,b'stress-ng-aio'
37777577813536,426025,0,0,1321,0,b'stress-ng-aio'
37777577901973,426025,0,0,3364,0,b'stress-ng-aio'
37777577921808,426038,0,146328,0,0,b'stress-ng-aio'
37777028272761,426043,1,23863,0,0,b'stress-ng-aio'
37777028366930,426041,1,41831,0,0,b'stress-ng-aio'
37777578098668,426038,1,503555,0,0,b'stress-ng-aio'
37777577813383,426028,2,0,405,0,b'stress-ng-aio'
37777577839385,426028,2,16972,0,0,b'stress-ng-aio'
37777577852033,426028,2,0,3107,0,b'stress-ng-aio'
37777577991253,426028,2,37173,0,0,b'stress-ng-aio'
37777669761253,426028,2,0,7716,0,b'stress-ng-aio'
37777580186324,426023,3,102075,0,0,b'stress-ng-aio'
37778961694175,426038,3,23530,0,0,b'stress-ng-aio'
37779232061541,426024,3,0,468,0,b'stress-ng-aio'
37779280441390,426037,4,3676,0,0,b'stress-ng-aio'
37779280490546,426023,4,0,89,0,b'stress-ng-aio'
37779280492658,426023,4,3676,0,0,b'stress-ng-aio'
37779280501695,426023,4,0,3194,0,b'stress-ng-aio'
37779280509481,426024,4,12179,0,0,b'stress-ng-aio'
37779510866125,426021,2,43091,0,0,b'stress-ng-aio'
37779510863168,426023,5,0,1575,0,b'stress-ng-aio'
37779557738890,426033,5,7616,0,0,b'stress-ng-aio'
37779557731275,426027,1,35564,0,0,b'stress-ng-aio'
37779557784852,426021,2,207365,0,0,b'stress-ng-aio'
37780063841700,426039,3,0,135,0,b'stress-ng-aio'
37780063851071,426039,3,0,135,0,b'stress-ng-aio'
37780063155502,426036,0,0,119,0,b'stress-ng-aio'
37780063158945,426036,0,0,3216,0,b'stress-ng-aio'
37780063303859,426036,0,0,118398,0,b'stress-ng-aio'
37780336081185,426025,4,0,22904,0,b'stress-ng-aio'
37780336032461,426032,2,0,535,0,b'stress-ng-aio'
37780336052844,426032,2,0,535,0,b'stress-ng-aio'
37780336291706,426043,3,0,1675,0,b'stress-ng-aio'
37781027386395,426025,2,29866,0,0,b'stress-ng-aio'
37781027336334,426027,3,0,7028,0,b'stress-ng-aio'
37781210062724,426031,5,0,8130,0,b'stress-ng-aio'
37781210166627,426031,4,0,2995,0,b'stress-ng-aio'
37781210246523,426021,4,0,5352,0,b'stress-ng-aio'
37781443319858,426036,0,60832,0,0,b'stress-ng-aio'
37781443575748,426023,0,0,1555,0,b'stress-ng-aio'
37781443663352,426026,0,0,1555,0,b'stress-ng-aio'
37781443716761,426042,0,57426,0,0,b'stress-ng-aio'
37781443776655,426042,0,0,3581,0,b'stress-ng-aio'
37781443343880,426040,2,0,568,0,b'stress-ng-aio'
37781443348945,426040,2,18790,0,0,b'stress-ng-aio'
37781443382741,426027,2,0,9819,0,b'stress-ng-aio'
37781443467405,426027,2,18790,0,0,b'stress-ng-aio'
37781443700583,426027,2,101092,0,0,b'stress-ng-aio'
37781443349196,426036,3,5699,0,0,b'stress-ng-aio'
37781443410735,426033,3,22329,0,0,b'stress-ng-aio'
37781443550481,426038,3,0,700,0,b'stress-ng-aio'
37781443579946,426033,3,0,700,0,b'stress-ng-aio'
37781443612266,426036,3,0,3584,0,b'stress-ng-aio'
37781443803079,426030,3,0,16986,0,b'stress-ng-aio'
37781443309180,426040,5,0,449,0,b'stress-ng-aio'
37781443312432,426040,5,11993,0,0,b'stress-ng-aio'
37781443322575,426040,5,0,449,0,b'stress-ng-aio'
37781443331925,426040,5,0,4577,0,b'stress-ng-aio'
37781443411177,426040,5,130137,0,0,b'stress-ng-aio'
37781443684377,426031,5,0,65025,0,b'stress-ng-aio'
37781443520660,426030,1,193088,0,0,b'stress-ng-aio'
37781443704262,426040,1,0,1874,0,b'stress-ng-aio'
37781443899599,426023,1,0,1874,0,b'stress-ng-aio'
37781443415871,426031,4,1886,0,0,b'stress-ng-aio'
37781443426924,426031,4,1886,0,0,b'stress-ng-aio'
37781443493358,426031,4,23084,0,0,b'stress-ng-aio'
37781443795000,426036,4,0,2738,0,b'stress-ng-aio'
37781444043130,426042,4,117953,0,0,b'stress-ng-aio'
37781532100055,426021,2,0,21396,0,b'stress-ng-aio'
37781718418058,426024,5,15579,0,0,b'stress-ng-aio'
37781718551259,426030,5,43897,0,0,b'stress-ng-aio'
37781718738955,426030,5,0,4997,0,b'stress-ng-aio'
37781718408833,426025,0,0,508,0,b'stress-ng-aio'
37781718432607,426025,0,6192,0,0,b'stress-ng-aio'
37781718442369,426040,0,0,508,0,b'stress-ng-aio'
37781718459737,426022,0,0,2344,0,b'stress-ng-aio'
37781718468178,426022,0,6192,0,0,b'stress-ng-aio'
37781718546200,426022,0,0,18854,0,b'stress-ng-aio'
37781718658466,426022,0,155287,0,0,b'stress-ng-aio'
37781718363880,426029,1,15806,0,0,b'stress-ng-aio'
37781718457651,426023,1,15806,0,0,b'stress-ng-aio'
37781718738792,426023,1,99222,0,0,b'stress-ng-aio'
37781718810261,426028,1,0,127499,0,b'stress-ng-aio'
37781718335048,426037,2,11770,0,0,b'stress-ng-aio'
37781718418521,426037,2,11770,0,0,b'stress-ng-aio'
37781718367292,426043,3,14801,0,0,b'stress-ng-aio'
37781718420489,426043,3,14801,0,0,b'stress-ng-aio'
37781718470363,426043,3,47724,0,0,b'stress-ng-aio'
37781718675647,426043,3,161267,0,0,b'stress-ng-aio'
37781719291135,426021,3,0,2307,0,b'stress-ng-aio'
37781718333330,426036,4,0,289,0,b'stress-ng-aio'
37781718349575,426036,4,0,289,0,b'stress-ng-aio'
37781718395073,426031,4,0,2480,0,b'stress-ng-aio'
37781718473437,426036,4,9395,0,0,b'stress-ng-aio'
37781718517307,426036,4,0,8974,0,b'stress-ng-aio'
37781718591533,426036,4,37907,0,0,b'stress-ng-aio'
37782181634958,426034,4,50359,0,0,b'stress-ng-aio'
37782181871015,426039,4,1100429,0,0,b'stress-ng-aio'
37782181835574,426025,3,202824,0,0,b'stress-ng-aio'
37782181682051,426024,5,29684,0,0,b'stress-ng-aio'
37782181822418,426041,5,157124,0,0,b'stress-ng-aio'
37782452025253,426043,0,0,88,0,b'stress-ng-aio'
37782452040553,426043,0,0,88,0,b'stress-ng-aio'
37782452049802,426043,0,0,790,0,b'stress-ng-aio'
37782452010631,426021,3,0,111,0,b'stress-ng-aio'
37782452044258,426021,3,0,108,0,b'stress-ng-aio'
37782452048104,426021,3,0,495,0,b'stress-ng-aio'
37782452066831,426021,3,0,16218,0,b'stress-ng-aio'
37782452090681,426036,1,0,6163,0,b'stress-ng-aio'
37782452033510,426025,5,0,75,0,b'stress-ng-aio'
37782452064501,426025,5,0,75,0,b'stress-ng-aio'
37782452066893,426025,5,0,368,0,b'stress-ng-aio'
37783009977103,426039,3,35605,0,0,b'stress-ng-aio'
37783009973839,426036,5,5505,0,0,b'stress-ng-aio'
37783009999080,426036,5,26259,0,0,b'stress-ng-aio'
37783418237574,426021,2,0,256,0,b'stress-ng-aio'
37783418244584,426021,2,0,7454,0,b'stress-ng-aio'
37783418409026,426026,4,0,8279,0,b'stress-ng-aio'
37783418324843,426023,0,0,6874,0,b'stress-ng-aio'
37783418280039,426037,1,0,470,0,b'stress-ng-aio'
37783418291350,426025,1,0,470,0,b'stress-ng-aio'
37783418310195,426034,1,0,5614,0,b'stress-ng-aio'
37783651578273,426026,4,0,463,0,b'stress-ng-aio'
37783651598181,426026,4,0,5191,0,b'stress-ng-aio'
37783652171486,426033,4,22373,0,0,b'stress-ng-aio'
37783651574116,426020,5,0,151,0,b'stress-ng-aio'
37783651581229,426020,5,0,4442,0,b'stress-ng-aio'
37783651599542,426020,5,201547,0,0,b'stress-ng-aio'
37783651759299,426028,5,0,82003,0,b'stress-ng-aio'
37783651619025,426041,0,0,446,0,b'stress-ng-aio'
37783651639476,426041,0,0,446,0,b'stress-ng-aio'
37783651714703,426041,0,0,3112,0,b'stress-ng-aio'
37783651908690,426035,0,0,7896,0,b'stress-ng-aio'
37783651616958,426037,1,0,2049,0,b'stress-ng-aio'
37783651710540,426042,1,0,4419,0,b'stress-ng-aio'
37783651844537,426029,1,535075,0,0,b'stress-ng-aio'
37783651608383,426030,2,1946,0,0,b'stress-ng-aio'
37783651618162,426026,2,9963,0,0,b'stress-ng-aio'
37783651661574,426040,2,135345,0,0,b'stress-ng-aio'
37783651671324,426040,2,0,6539,0,b'stress-ng-aio'
37783651620482,426024,3,0,542,0,b'stress-ng-aio'
37783651642540,426031,3,0,2126,0,b'stress-ng-aio'
37783651800497,426033,3,0,13904,0,b'stress-ng-aio'
37783926840737,426031,1,0,24866,0,b'stress-ng-aio'
37783926876714,426036,1,26385,0,0,b'stress-ng-aio'
37783926999273,426025,1,53315,0,0,b'stress-ng-aio'
37783927291264,426042,1,101143,0,0,b'stress-ng-aio'
37783926583670,426029,2,0,725,0,b'stress-ng-aio'
37783926636990,426021,2,0,725,0,b'stress-ng-aio'
37783926696572,426029,2,0,2333,0,b'stress-ng-aio'
37783926712986,426029,2,0,6937,0,b'stress-ng-aio'
37783926829370,426038,2,26936,0,0,b'stress-ng-aio'
37783927138308,426034,2,53848,0,0,b'stress-ng-aio'
37783926685621,426024,3,17592,0,0,b'stress-ng-aio'
37783926743369,426025,3,52820,0,0,b'stress-ng-aio'
37783926992865,426033,3,160664,0,0,b'stress-ng-aio'
37783927049595,426038,3,0,2346,0,b'stress-ng-aio'
37783927300968,426040,3,0,2346,0,b'stress-ng-aio'
37783926567135,426026,4,3881,0,0,b'stress-ng-aio'
37783926650320,426026,4,30245,0,0,b'stress-ng-aio'
37783926798417,426026,4,71810,0,0,b'stress-ng-aio'
37783927231388,426021,4,0,4342,0,b'stress-ng-aio'
37783926572136,426041,0,0,625,0,b'stress-ng-aio'
37783926655707,426041,0,0,625,0,b'stress-ng-aio'
37783926681673,426041,0,0,1482,0,b'stress-ng-aio'
37783926723156,426027,0,0,8433,0,b'stress-ng-aio'
37783926764545,426041,0,5879,0,0,b'stress-ng-aio'
37783926798266,426041,0,5879,0,0,b'stress-ng-aio'
37783926831939,426041,0,26942,0,0,b'stress-ng-aio'
37783927041462,426027,0,117138,0,0,b'stress-ng-aio'
37783927130785,426032,5,49439,0,0,b'stress-ng-aio'
37783927189748,426043,5,0,6968,0,b'stress-ng-aio'
37784801525704,426031,0,0,737,0,b'stress-ng-aio'
37784801557893,426029,0,0,737,0,b'stress-ng-aio'
37784801572615,426029,0,0,3507,0,b'stress-ng-aio'
37784801822473,426034,0,0,32854,0,b'stress-ng-aio'
37784801515843,426022,1,0,4250,0,b'stress-ng-aio'
37784801684764,426038,1,0,4250,0,b'stress-ng-aio'
37784801924017,426021,2,64949,0,0,b'stress-ng-aio'
37784801513796,426039,3,0,8945,0,b'stress-ng-aio'
37784801812996,426023,3,21867,0,0,b'stress-ng-aio'
37784801881149,426025,3,21867,0,0,b'stress-ng-aio'
37784801992159,426030,3,59248,0,0,b'stress-ng-aio'
37784802282164,426038,3,119732,0,0,b'stress-ng-aio'
37784801518190,426040,4,0,367,0,b'stress-ng-aio'
37784801535560,426020,4,0,367,0,b'stress-ng-aio'
37784801547096,426032,4,0,2961,0,b'stress-ng-aio'
37784801660679,426027,4,0,34570,0,b'stress-ng-aio'
37784801695780,426027,4,5262,0,0,b'stress-ng-aio'
37784801723868,426043,4,5262,0,0,b'stress-ng-aio'
37784801751538,426038,4,28049,0,0,b'stress-ng-aio'
37784801956615,426027,4,151136,0,0,b'stress-ng-aio'
37784801518890,426029,5,31505,0,0,b'stress-ng-aio'
37784801643817,426037,5,0,1121,0,b'stress-ng-aio'
37784801686321,426042,5,0,1121,0,b'stress-ng-aio'
37784801693282,426022,5,306096,0,0,b'stress-ng-aio'
37784801740748,426022,5,0,4274,0,b'stress-ng-aio'
37784890302484,426027,5,0,7554,0,b'stress-ng-aio'
37785447029472,426032,4,4552,0,0,b'stress-ng-aio'
37785811272299,426027,0,0,16528,0,b'stress-ng-aio'
37785813326763,426043,3,0,750,0,b'stress-ng-aio'
37785813377873,426021,3,2860,0,0,b'stress-ng-aio'
37786090073328,426032,2,45314,0,0,b'stress-ng-aio'
37786089785572,426037,5,0,303,0,b'stress-ng-aio'
37786089792192,426037,5,3538,0,0,b'stress-ng-aio'
37786089816209,426037,5,0,303,0,b'stress-ng-aio'
37786089822492,426037,5,3538,0,0,b'stress-ng-aio'
37786089827985,426037,5,0,1501,0,b'stress-ng-aio'
37786089839708,426037,5,17673,0,0,b'stress-ng-aio'
37786089916119,426038,5,0,17241,0,b'stress-ng-aio'
37786090011060,426034,5,143984,0,0,b'stress-ng-aio'
37786089898771,426035,0,0,874,0,b'stress-ng-aio'
37786090136407,426026,0,17337,0,0,b'stress-ng-aio'
37786090321634,426031,0,47360,0,0,b'stress-ng-aio'
37786089855005,426037,1,38807,0,0,b'stress-ng-aio'
37786090095972,426040,1,89441,0,0,b'stress-ng-aio'
37786089829831,426039,3,4035,0,0,b'stress-ng-aio'
37786089847515,426021,3,4035,0,0,b'stress-ng-aio'
37786089862344,426021,3,32106,0,0,b'stress-ng-aio'
37786089925214,426027,3,0,48774,0,b'stress-ng-aio'
37786090007013,426027,3,298055,0,0,b'stress-ng-aio'
37786089848324,426022,4,2505,0,0,b'stress-ng-aio'
37786089862852,426022,4,28742,0,0,b'stress-ng-aio'
37786089881316,426035,4,0,6530,0,b'stress-ng-aio'
37786090102244,426031,4,242929,0,0,b'stress-ng-aio'
37787194381919,426022,3,4113,0,0,b'stress-ng-aio'
37787926665055,426039,4,0,58856,0,b'stress-ng-aio'
37787926789894,426032,3,0,470,0,b'stress-ng-aio'
37787926796087,426032,3,0,5898,0,b'stress-ng-aio'
37788068466259,426034,0,229249,0,0,b'stress-ng-aio'
37788068517059,426028,3,6720,0,0,b'stress-ng-aio'
37788111603976,426028,0,0,360,0,b'stress-ng-aio'
37788111662590,426028,0,0,360,0,b'stress-ng-aio'
37788111843317,426028,0,0,7889,0,b'stress-ng-aio'
37788111791205,426034,2,24980,0,0,b'stress-ng-aio'
37788112810712,426038,3,234602,0,0,b'stress-ng-aio'
37789676777609,426043,0,38350,0,0,b'stress-ng-aio'
37789676975236,426039,0,0,287,0,b'stress-ng-aio'
37789677203806,426035,3,12106,0,0,b'stress-ng-aio'
37789676786891,426036,1,1649,0,0,b'stress-ng-aio'
37789724543004,426040,1,23117,0,0,b'stress-ng-aio'
37789724220998,426037,3,10113,0,0,b'stress-ng-aio'
37789724245425,426038,3,22628,0,0,b'stress-ng-aio'
37789724558291,426037,3,135447,0,0,b'stress-ng-aio'
37789724216338,426032,5,622404,0,0,b'stress-ng-aio'
37789724472206,426034,0,18983,0,0,b'stress-ng-aio'
37789724589871,426023,0,18983,0,0,b'stress-ng-aio'
37789724680863,426023,0,36792,0,0,b'stress-ng-aio'
37790318038102,426040,3,0,204,0,b'stress-ng-aio'
37790318045258,426040,3,0,204,0,b'stress-ng-aio'
37790318154704,426026,3,0,51706,0,b'stress-ng-aio'
37790318040158,426032,0,0,176,0,b'stress-ng-aio'
37790318054899,426032,0,0,176,0,b'stress-ng-aio'
37790318060443,426042,0,0,1647,0,b'stress-ng-aio'
37790318115025,426028,0,0,38819,0,b'stress-ng-aio'
37790319395959,426032,0,4108,0,0,b'stress-ng-aio'
37790319782043,426028,0,98092,0,0,b'stress-ng-aio'
37790318029458,426037,1,0,232,0,b'stress-ng-aio'
37790318040659,426035,1,0,232,0,b'stress-ng-aio'
37790318048548,426035,1,0,2777,0,b'stress-ng-aio'
37790318155362,426035,1,0,46110,0,b'stress-ng-aio'
37790318022525,426022,4,0,79,0,b'stress-ng-aio'
37790318032747,426022,4,0,84,0,b'stress-ng-aio'
37790318037298,426022,4,0,1091,0,b'stress-ng-aio'
37790318072724,426023,4,0,30855,0,b'stress-ng-aio'
37790318232650,426037,5,0,2751,0,b'stress-ng-aio'
37790318644337,426038,5,0,2751,0,b'stress-ng-aio'
37790320029723,426036,5,1719,0,0,b'stress-ng-aio'
37791009636986,426042,2,0,613,0,b'stress-ng-aio'
37791009661443,426025,2,0,2258,0,b'stress-ng-aio'
37791009745920,426024,2,0,13486,0,b'stress-ng-aio'
37791009753975,426024,2,34673,0,0,b'stress-ng-aio'
37791010036565,426038,2,40033,0,0,b'stress-ng-aio'
37791010245835,426024,2,52744,0,0,b'stress-ng-aio'
37791009640495,426039,4,0,123,0,b'stress-ng-aio'
37791009645864,426029,4,0,576,0,b'stress-ng-aio'
37791009664499,426029,4,0,13801,0,b'stress-ng-aio'
37791010034678,426032,4,10666,0,0,b'stress-ng-aio'
37791010077047,426029,4,10666,0,0,b'stress-ng-aio'
37791010167726,426029,4,40822,0,0,b'stress-ng-aio'
37791009611089,426038,5,0,492,0,b'stress-ng-aio'
37791010126741,426028,5,0,90649,0,b'stress-ng-aio'
37791010137220,426028,5,61435,0,0,b'stress-ng-aio'
37791009640571,426034,0,0,1897,0,b'stress-ng-aio'
37791009651954,426020,0,4810,0,0,b'stress-ng-aio'
37791009707478,426021,0,0,6582,0,b'stress-ng-aio'
37791010070902,426021,1,165699,0,0,b'stress-ng-aio'
37791793528155,426034,2,0,633,0,b'stress-ng-aio'
37791793669220,426027,3,0,461,0,b'stress-ng-aio'
37791793676960,426027,3,10435,0,0,b'stress-ng-aio'
37791793682017,426035,4,0,313,0,b'stress-ng-aio'
37791793687037,426035,4,0,4213,0,b'stress-ng-aio'
37791793699039,426035,4,49287,0,0,b'stress-ng-aio'
37791793812618,426041,5,16939,0,0,b'stress-ng-aio'
37793034459496,426043,0,0,203,0,b'stress-ng-aio'
37793034488928,426043,0,0,203,0,b'stress-ng-aio'
37793034540635,426043,0,0,15458,0,b'stress-ng-aio'
37793034598193,426022,0,9309,0,0,b'stress-ng-aio'
37793034636809,426042,0,9309,0,0,b'stress-ng-aio'
37793034678573,426042,0,38304,0,0,b'stress-ng-aio'
37793034464319,426021,4,1463,0,0,b'stress-ng-aio'
37793034489912,426021,4,0,577,0,b'stress-ng-aio'
37793034501768,426021,4,17784,0,0,b'stress-ng-aio'
37793034518169,426021,4,0,577,0,b'stress-ng-aio'
37793034596232,426041,4,0,3057,0,b'stress-ng-aio'
37793034710324,426041,4,0,7571,0,b'stress-ng-aio'
37793035347539,426039,4,122144,0,0,b'stress-ng-aio'
37793034459601,426034,5,0,373,0,b'stress-ng-aio'
37793034495404,426034,5,0,373,0,b'stress-ng-aio'
37793034502758,426034,5,0,1628,0,b'stress-ng-aio'
37793034592699,426026,5,4973,0,0,b'stress-ng-aio'
37793034607645,426026,5,0,29067,0,b'stress-ng-aio'
37793034639602,426026,5,29250,0,0,b'stress-ng-aio'
37793034805371,426038,5,189854,0,0,b'stress-ng-aio'
37793034685164,426039,1,129163,0,0,b'stress-ng-aio'
37793034498333,426035,2,7046,0,0,b'stress-ng-aio'
37793034529452,426035,2,6765,0,0,b'stress-ng-aio'
37793034536636,426035,2,0,425,0,b'stress-ng-aio'
37793034754060,426043,2,0,7849,0,b'stress-ng-aio'
37793034757995,426043,2,91587,0,0,b'stress-ng-aio'
37793035380947,426027,2,143954,0,0,b'stress-ng-aio'
37793034604252,426043,3,0,2678,0,b'stress-ng-aio'
37793034624243,426030,3,12336,0,0,b'stress-ng-aio'
37793034654578,426025,3,0,19649,0,b'stress-ng-aio'
37793035169009,426036,3,140118,0,0,b'stress-ng-aio'
37793589515142,426032,4,25063,0,0,b'stress-ng-aio'
37793589748917,426032,4,225681,0,0,b'stress-ng-aio'
37793589768972,426023,5,749635,0,0,b'stress-ng-aio'
37793953250267,426037,2,3857,0,0,b'stress-ng-aio'
37793953054880,426030,0,6252,0,0,b'stress-ng-aio'
37793952752202,426043,1,0,306,0,b'stress-ng-aio'
37794275266126,426027,4,0,402,0,b'stress-ng-aio'
37794275273661,426027,4,0,550,0,b'stress-ng-aio'
37794275316086,426027,4,0,9578,0,b'stress-ng-aio'
37794367164002,426033,0,3756,0,0,b'stress-ng-aio'
37794367246392,426033,0,26335,0,0,b'stress-ng-aio'
37794367123996,426038,1,0,990,0,b'stress-ng-aio'
37794367175800,426022,3,0,253,0,b'stress-ng-aio'
37794367207788,426033,3,0,1726,0,b'stress-ng-aio'
37794459644447,426024,0,38592,0,0,b'stress-ng-aio'
37794460054222,426034,3,10556,0,0,b'stress-ng-aio'
37794459652851,426042,4,0,5151,0,b'stress-ng-aio'
37794459340365,426023,5,0,445,0,b'stress-ng-aio'
37794459353434,426023,5,0,2519,0,b'stress-ng-aio'
37794459493881,426021,5,0,26098,0,b'stress-ng-aio'
37794459471645,426030,1,0,5029,0,b'stress-ng-aio'
37794459854870,426020,1,0,5029,0,b'stress-ng-aio'
37794459454667,426029,2,24834,0,0,b'stress-ng-aio'
37794459512704,426040,2,0,3912,0,b'stress-ng-aio'
37794459575363,426040,2,24834,0,0,b'stress-ng-aio'
37794459650901,426042,2,0,3912,0,b'stress-ng-aio'
37794459653486,426042,2,47435,0,0,b'stress-ng-aio'
37794876694779,426040,4,1065,0,0,b'stress-ng-aio'
37794876701379,426040,4,30774,0,0,b'stress-ng-aio'
37795198728706,426023,2,5673,0,0,b'stress-ng-aio'
37795792659442,426033,1,0,2295,0,b'stress-ng-aio'
37795792654111,426021,2,0,121,0,b'stress-ng-aio'
37795792667311,426021,2,0,630,0,b'stress-ng-aio'
37795792692975,426024,2,0,6528,0,b'stress-ng-aio'
37795793144804,426027,0,22669,0,0,b'stress-ng-aio'
37795793075608,426024,3,0,5311,0,b'stress-ng-aio'
37795792954411,426032,4,0,133638,0,b'stress-ng-aio'
37795792678943,426024,5,0,496,0,b'stress-ng-aio'
37795792756677,426030,5,0,496,0,b'stress-ng-aio'
37795792776630,426030,5,0,1232,0,b'stress-ng-aio'
37795792921498,426030,5,0,8773,0,b'stress-ng-aio'
37795794069920,426024,5,2491,0,0,b'stress-ng-aio'
37796210755658,426021,1,3958,0,0,b'stress-ng-aio'
37796210477227,426026,4,56731,0,0,b'stress-ng-aio'
37797085404622,426029,5,3336,0,0,b'stress-ng-aio'
37797127338460,426034,5,0,151,0,b'stress-ng-aio'
37797127343348,426034,5,0,151,0,b'stress-ng-aio'
37797407183051,426030,4,2159,0,0,b'stress-ng-aio'
37798051668858,426036,3,32304,0,0,b'stress-ng-aio'
37798051807818,426038,4,12639,0,0,b'stress-ng-aio'
37798051399545,426024,5,24422,0,0,b'stress-ng-aio'
37798603725669,426030,3,15085,0,0,b'stress-ng-aio'
37798603568060,426027,4,52753,0,0,b'stress-ng-aio'
37798603155937,426021,5,607663,0,0,b'stress-ng-aio'
37800305788589,426038,5,6936,0,0,b'stress-ng-aio'
37800305934347,426043,3,13000,0,0,b'stress-ng-aio'
37800305922462,426032,4,30012,0,0,b'stress-ng-aio'
37800396609688,426035,3,7191,0,0,b'stress-ng-aio'
37800576116097,426028,1,0,20340,0,b'stress-ng-aio'
37800576018247,426038,4,0,129,0,b'stress-ng-aio'
37800576036656,426038,4,0,129,0,b'stress-ng-aio'
37800576087906,426038,4,0,981,0,b'stress-ng-aio'
37800576147410,426020,4,0,3250,0,b'stress-ng-aio'
37800576082723,426026,5,0,257,0,b'stress-ng-aio'
37800576088762,426026,5,0,257,0,b'stress-ng-aio'
37800576101544,426026,5,0,5256,0,b'stress-ng-aio'
37800948527852,426023,5,55073,0,0,b'stress-ng-aio'
37801038643130,426029,2,0,454,0,b'stress-ng-aio'
37801038799266,426030,4,9337,0,0,b'stress-ng-aio'
37801038643702,426036,5,0,310,0,b'stress-ng-aio'
37801038648753,426036,5,0,310,0,b'stress-ng-aio'
37801038700563,426041,0,0,95,0,b'stress-ng-aio'
37801038705159,426041,0,0,2217,0,b'stress-ng-aio'
37801268133596,426029,2,49165,0,0,b'stress-ng-aio'
37801314170383,426035,0,0,2602,0,b'stress-ng-aio'
37801450817186,426042,0,0,952,0,b'stress-ng-aio'
37801450847174,426033,0,0,952,0,b'stress-ng-aio'
37801450927933,426035,0,0,4791,0,b'stress-ng-aio'
37801451113508,426030,0,43668,0,0,b'stress-ng-aio'
37801450817994,426027,3,0,6782,0,b'stress-ng-aio'
37801451212274,426022,3,0,6611,0,b'stress-ng-aio'
37801451081819,426035,1,15594,0,0,b'stress-ng-aio'
37801451179394,426038,1,42303,0,0,b'stress-ng-aio'
37801450840051,426023,4,0,1387,0,b'stress-ng-aio'
37801450924887,426037,4,0,5414,0,b'stress-ng-aio'
37801450843569,426040,5,0,356,0,b'stress-ng-aio'
37801450862667,426038,5,0,7528,0,b'stress-ng-aio'
37802559276101,426030,3,9673,0,0,b'stress-ng-aio'
37802559246408,426022,4,8873,0,0,b'stress-ng-aio'
37802559240565,426035,5,5362,0,0,b'stress-ng-aio'
37802830017973,426020,0,0,138,0,b'stress-ng-aio'
37802830040591,426027,0,0,1215,0,b'stress-ng-aio'
37802830092170,426041,0,0,22603,0,b'stress-ng-aio'
37802830079042,426039,5,0,556,0,b'stress-ng-aio'
37802830099560,426043,5,0,556,0,b'stress-ng-aio'
37802830133245,426040,5,0,3867,0,b'stress-ng-aio'
37804766205501,426022,3,63396,0,0,b'stress-ng-aio'
37804900576291,426022,3,0,71,0,b'stress-ng-aio'
37804900579774,426022,3,0,4496,0,b'stress-ng-aio'
37804900641518,426026,4,0,293,0,b'stress-ng-aio'
37804900646891,426026,4,0,293,0,b'stress-ng-aio'
37804900654006,426026,4,0,7033,0,b'stress-ng-aio'
37804900884042,426039,0,0,177869,0,b'stress-ng-aio'
37805134200589,426022,3,10759,0,0,b'stress-ng-aio'
37805134255279,426022,3,18007,0,0,b'stress-ng-aio'
37805134323181,426022,3,56909,0,0,b'stress-ng-aio'
37805134671300,426020,0,33770,0,0,b'stress-ng-aio'
37805134890255,426028,0,39647,0,0,b'stress-ng-aio'
37805134945486,426024,2,68934,0,0,b'stress-ng-aio'
37805134275022,426023,4,13299,0,0,b'stress-ng-aio'
37805134339220,426033,4,13299,0,0,b'stress-ng-aio'
37805134432402,426026,4,37550,0,0,b'stress-ng-aio'
37805134216162,426042,5,3211,0,0,b'stress-ng-aio'
37805134759233,426037,5,183775,0,0,b'stress-ng-aio'
37806192370909,426023,1,6752,0,0,b'stress-ng-aio'
37806192436300,426023,1,6752,0,0,b'stress-ng-aio'
37806192466430,426023,1,18809,0,0,b'stress-ng-aio'
37806192456276,426031,2,83370,0,0,b'stress-ng-aio'
37806376352411,426032,0,6215,0,0,b'stress-ng-aio'
37806376437955,426032,0,6035,0,0,b'stress-ng-aio'
37806376472631,426030,0,14075,0,0,b'stress-ng-aio'
37806376538775,426036,0,63121,0,0,b'stress-ng-aio'
37806376604446,426022,1,19400,0,0,b'stress-ng-aio'
37806376589033,426031,2,189667,0,0,b'stress-ng-aio'
37806376338042,426025,3,7450,0,0,b'stress-ng-aio'
37806376398976,426025,3,27743,0,0,b'stress-ng-aio'
37806376506637,426040,3,81140,0,0,b'stress-ng-aio'
37806698455520,426034,1,44482,0,0,b'stress-ng-aio'
37806698989527,426020,3,9705,0,0,b'stress-ng-aio'
37807342658139,426037,5,2202,0,0,b'stress-ng-aio'
37807342918733,426035,4,43172,0,0,b'stress-ng-aio'
37807523135905,426042,2,0,1777,0,b'stress-ng-aio'
37807526342856,426020,3,5176,0,0,b'stress-ng-aio'
37807526357785,426020,3,5176,0,0,b'stress-ng-aio'
37807526372602,426020,3,47729,0,0,b'stress-ng-aio'
37807526335528,426024,4,6733,0,0,b'stress-ng-aio'
37807526362921,426022,4,6733,0,0,b'stress-ng-aio'
37807526318016,426027,5,13539,0,0,b'stress-ng-aio'
37807526401529,426025,5,13539,0,0,b'stress-ng-aio'
37807526342162,426022,0,8298,0,0,b'stress-ng-aio'
37807526385769,426033,1,344404,0,0,b'stress-ng-aio'
37807526444457,426035,2,12360,0,0,b'stress-ng-aio'
37807526499154,426039,2,12360,0,0,b'stress-ng-aio'
37808167147310,426029,2,0,1669,0,b'stress-ng-aio'
37808167150675,426029,2,171905,0,0,b'stress-ng-aio'
37808167184321,426029,2,0,1669,0,b'stress-ng-aio'
37808167328289,426029,2,0,7090,0,b'stress-ng-aio'
37808167296421,426041,0,3520,0,0,b'stress-ng-aio'
37808167381624,426041,0,3520,0,0,b'stress-ng-aio'
37808167401902,426022,0,8242,0,0,b'stress-ng-aio'
37808167476778,426022,0,58114,0,0,b'stress-ng-aio'
37808167350743,426032,1,0,10054,0,b'stress-ng-aio'
37808167489104,426041,1,19025,0,0,b'stress-ng-aio'
37808167563297,426022,1,34566,0,0,b'stress-ng-aio'
37808167300321,426032,5,0,1651,0,b'stress-ng-aio'
37809225724893,426039,0,0,1245,0,b'stress-ng-aio'
37809225827431,426030,0,0,3374,0,b'stress-ng-aio'
37809226095357,426025,0,0,14956,0,b'stress-ng-aio'
37809225478539,426023,1,0,13156,0,b'stress-ng-aio'
37809225492581,426023,1,9897,0,0,b'stress-ng-aio'
37809225550215,426031,1,38002,0,0,b'stress-ng-aio'
37809225768010,426031,1,115627,0,0,b'stress-ng-aio'
37809225282840,426037,2,3690,0,0,b'stress-ng-aio'
37809225300441,426037,2,35167,0,0,b'stress-ng-aio'
37809225321199,426036,2,0,1474,0,b'stress-ng-aio'
37809225394883,426033,2,0,1474,0,b'stress-ng-aio'
37809225462034,426037,2,279491,0,0,b'stress-ng-aio'
37809225530499,426028,2,0,3790,0,b'stress-ng-aio'
37809225424293,426028,3,0,48045,0,b'stress-ng-aio'
37809226135277,426039,3,160490,0,0,b'stress-ng-aio'
37809225662649,426027,4,0,119243,0,b'stress-ng-aio'
37809226055685,426043,4,3357,0,0,b'stress-ng-aio'
37809226295794,426041,4,98457,0,0,b'stress-ng-aio'
37809225351147,426034,5,0,2275,0,b'stress-ng-aio'
37809225468750,426035,5,0,2806,0,b'stress-ng-aio'
37809822609208,426040,2,0,14488,0,b'stress-ng-aio'
37809822608250,426037,4,0,656,0,b'stress-ng-aio'
37809822701672,426027,4,0,19914,0,b'stress-ng-aio'
37809869819374,426029,5,0,546,0,b'stress-ng-aio'
37809870170786,426034,4,66487,0,0,b'stress-ng-aio'
37809870227360,426030,2,11460,0,0,b'stress-ng-aio'
37810333595880,426026,4,26455,0,0,b'stress-ng-aio'
37810333789853,426022,4,203046,0,0,b'stress-ng-aio'
37810333617264,426029,3,37837,0,0,b'stress-ng-aio'
37810333772990,426039,3,377406,0,0,b'stress-ng-aio'
37810333630158,426042,5,4452,0,0,b'stress-ng-aio'
37810333679469,426042,5,4452,0,0,b'stress-ng-aio'
37810700317422,426031,1,14588,0,0,b'stress-ng-aio'
37810700736153,426026,0,1034803,0,0,b'stress-ng-aio'
37810700844025,426043,2,987668,0,0,b'stress-ng-aio'
37810700427407,426040,3,11541,0,0,b'stress-ng-aio'
37810700468604,426031,3,11541,0,0,b'stress-ng-aio'
37810700561899,426031,3,45180,0,0,b'stress-ng-aio'
37810700751022,426030,3,100042,0,0,b'stress-ng-aio'
37810700530386,426033,4,5813,0,0,b'stress-ng-aio'
37810700564498,426026,4,40362,0,0,b'stress-ng-aio'
37810700812451,426034,4,183406,0,0,b'stress-ng-aio'
37810700424752,426033,5,5174,0,0,b'stress-ng-aio'
37810700487706,426033,5,5174,0,0,b'stress-ng-aio'
37810700586464,426041,5,108912,0,0,b'stress-ng-aio'
37811020331957,426028,3,0,402,0,b'stress-ng-aio'
37811020350810,426027,4,0,7965,0,b'stress-ng-aio'
37811020361117,426027,4,8755,0,0,b'stress-ng-aio'
37811020311573,426036,0,0,630,0,b'stress-ng-aio'
37811020415244,426038,0,0,1354,0,b'stress-ng-aio'
37811020473073,426035,5,0,311,0,b'stress-ng-aio'
37811020478492,426035,5,0,311,0,b'stress-ng-aio'
37811341882471,426022,0,39733,0,0,b'stress-ng-aio'
37811342100931,426043,0,38114,0,0,b'stress-ng-aio'
37811342087373,426039,2,42844,0,0,b'stress-ng-aio'
37811342119785,426039,3,248150,0,0,b'stress-ng-aio'
37811341879812,426028,4,0,353,0,b'stress-ng-aio'
37811341901006,426028,4,0,360,0,b'stress-ng-aio'
37811341937620,426028,4,0,2449,0,b'stress-ng-aio'
37811342014253,426034,4,997,0,0,b'stress-ng-aio'
37811342018802,426034,4,997,0,0,b'stress-ng-aio'
37811342026850,426034,4,27457,0,0,b'stress-ng-aio'
37811342067197,426034,4,0,9437,0,b'stress-ng-aio'
37811342140128,426025,4,451013,0,0,b'stress-ng-aio'
37811341880342,426020,5,0,286,0,b'stress-ng-aio'
37811341894542,426020,5,0,286,0,b'stress-ng-aio'
37811341910868,426020,5,0,2740,0,b'stress-ng-aio'
37811342011306,426029,5,988,0,0,b'stress-ng-aio'
37811342017671,426029,5,1077,0,0,b'stress-ng-aio'
37811342024387,426029,5,21553,0,0,b'stress-ng-aio'
37811342085923,426035,5,0,20703,0,b'stress-ng-aio'
37811342114688,426020,5,419592,0,0,b'stress-ng-aio'
37811342105384,426040,1,1010990,0,0,b'stress-ng-aio'
37812126034384,426024,3,5492,0,0,b'stress-ng-aio'
37812126203053,426021,0,42875,0,0,b'stress-ng-aio'
37812126052139,426032,2,32817,0,0,b'stress-ng-aio'
37812675707277,426037,2,13243,0,0,b'stress-ng-aio'
37812771358020,426036,4,2438,0,0,b'stress-ng-aio'
37812771368449,426036,4,55152,0,0,b'stress-ng-aio'
37812771506776,426040,5,2444,0,0,b'stress-ng-aio'
37812771519233,426023,5,2444,0,0,b'stress-ng-aio'
37813275141069,426037,2,0,4800,0,b'stress-ng-aio'
37813275147607,426037,2,7965,0,0,b'stress-ng-aio'
37813275190116,426034,2,67256,0,0,b'stress-ng-aio'
37813275375937,426020,2,0,4800,0,b'stress-ng-aio'
37813275594438,426037,2,256587,0,0,b'stress-ng-aio'
37813275936620,426037,2,0,6756,0,b'stress-ng-aio'
37813275148223,426031,3,0,177,0,b'stress-ng-aio'
37813275175944,426038,3,0,3166,0,b'stress-ng-aio'
37813275186943,426038,3,6620,0,0,b'stress-ng-aio'
37813275205993,426038,3,6620,0,0,b'stress-ng-aio'
37813275280301,426027,3,0,17053,0,b'stress-ng-aio'
37813275447677,426021,3,249180,0,0,b'stress-ng-aio'
37813275185678,426036,0,0,143,0,b'stress-ng-aio'
37813275192089,426036,0,0,143,0,b'stress-ng-aio'
37813275200504,426036,0,0,2894,0,b'stress-ng-aio'
37813275303851,426021,0,0,45481,0,b'stress-ng-aio'
37813275388213,426021,0,53262,0,0,b'stress-ng-aio'
37813275742377,426042,0,53262,0,0,b'stress-ng-aio'
37813275152512,426036,1,0,16639,0,b'stress-ng-aio'
37813275270633,426028,4,20582,0,0,b'stress-ng-aio'
37813275229361,426032,5,0,57095,0,b'stress-ng-aio'
37813275286460,426033,5,12923,0,0,b'stress-ng-aio'
37813275719607,426033,5,73128,0,0,b'stress-ng-aio'
37813733368015,426035,1,0,468940,0,b'stress-ng-aio'
37813732973753,426020,2,0,3810,0,b'stress-ng-aio'
37813733280653,426028,3,0,326,0,b'stress-ng-aio'
37813964180433,426041,2,3869,0,0,b'stress-ng-aio'
37814652077424,426040,0,0,89,0,b'stress-ng-aio'
37814652172488,426028,0,0,254,0,b'stress-ng-aio'
37814931137320,426041,2,0,25966,0,b'stress-ng-aio'
37814931128717,426022,5,0,64922,0,b'stress-ng-aio'
37815759196764,426023,5,0,193,0,b'stress-ng-aio'
37815759202102,426023,5,0,3675,0,b'stress-ng-aio'
37815759207293,426023,5,3882,0,0,b'stress-ng-aio'
37815759218081,426023,5,39048,0,0,b'stress-ng-aio'
37815759371296,426023,5,0,88491,0,b'stress-ng-aio'
37815759309577,426023,0,19803,0,0,b'stress-ng-aio'
37815759604350,426037,2,0,2060,0,b'stress-ng-aio'
37815759817722,426022,2,4487,0,0,b'stress-ng-aio'
37815759921494,426034,2,6511,0,0,b'stress-ng-aio'
37815760016809,426042,3,4759,0,0,b'stress-ng-aio'
37815942305979,426031,2,0,30697,0,b'stress-ng-aio'
37815942309995,426031,2,72089,0,0,b'stress-ng-aio'
37815942505134,426043,4,0,392,0,b'stress-ng-aio'
37815942527457,426040,4,0,6083,0,b'stress-ng-aio'
37817233327291,426020,3,8305,0,0,b'stress-ng-aio'
37817233631263,426034,4,757692,0,0,b'stress-ng-aio'
37817233313574,426023,5,4158,0,0,b'stress-ng-aio'
37817233462527,426022,5,222759,0,0,b'stress-ng-aio'
37817642596936,426025,2,0,2465,0,b'stress-ng-aio'
37817642412384,426022,0,0,991,0,b'stress-ng-aio'
37817642563637,426026,0,0,1175,0,b'stress-ng-aio'
37817642416563,426035,1,0,18743,0,b'stress-ng-aio'
37817642434383,426029,3,0,1389,0,b'stress-ng-aio'
37818010397075,426027,0,0,88,0,b'stress-ng-aio'
37818010398909,426027,0,0,88,0,b'stress-ng-aio'
37818010404524,426027,0,0,6059,0,b'stress-ng-aio'
37818010156922,426040,4,0,156,0,b'stress-ng-aio'
37818010160511,426040,4,0,3033,0,b'stress-ng-aio'
37818151659609,426027,0,6126,0,0,b'stress-ng-aio'
37818151686246,426020,0,34464,0,0,b'stress-ng-aio'
37818152199948,426027,0,173821,0,0,b'stress-ng-aio'
37818151535548,426043,1,71428,0,0,b'stress-ng-aio'
37818151603457,426026,1,0,2191,0,b'stress-ng-aio'
37818152106566,426042,1,167687,0,0,b'stress-ng-aio'
37818151633277,426020,2,0,104548,0,b'stress-ng-aio'
37818152042041,426030,2,17912,0,0,b'stress-ng-aio'
37818152128649,426024,2,17912,0,0,b'stress-ng-aio'
37818152217538,426037,2,41543,0,0,b'stress-ng-aio'
37818151530687,426035,3,0,146,0,b'stress-ng-aio'
37818151539144,426036,3,0,944,0,b'stress-ng-aio'
37818151548865,426036,3,8331,0,0,b'stress-ng-aio'
37818151574066,426036,3,8331,0,0,b'stress-ng-aio'
37818152096933,426036,3,212675,0,0,b'stress-ng-aio'
37818151546716,426041,4,0,18958,0,b'stress-ng-aio'
37818152038539,426033,4,125972,0,0,b'stress-ng-aio'
37818151536906,426038,5,0,445,0,b'stress-ng-aio'
37818151542196,426038,5,4785,0,0,b'stress-ng-aio'
37818151565344,426038,5,5346,0,0,b'stress-ng-aio'
37818151579108,426026,5,0,3066,0,b'stress-ng-aio'
37818151587437,426026,5,33480,0,0,b'stress-ng-aio'
37818152028402,426029,5,197159,0,0,b'stress-ng-aio'
37819391053169,426029,4,0,842,0,b'stress-ng-aio'
37819391818648,426035,4,0,2336,0,b'stress-ng-aio'
37819391116471,426033,1,56179,0,0,b'stress-ng-aio'
37819391188684,426029,3,0,51118,0,b'stress-ng-aio'
37819392140896,426025,3,5198,0,0,b'stress-ng-aio'
37819391155522,426033,5,0,130,0,b'stress-ng-aio'
37819391161951,426033,5,0,3085,0,b'stress-ng-aio'
37819992252847,426021,5,45183,0,0,b'stress-ng-aio'
37820542735613,426040,0,2446,0,0,b'stress-ng-aio'
37820542841300,426027,5,0,199,0,b'stress-ng-aio'
37820542845779,426027,5,1342,0,0,b'stress-ng-aio'
37820588596000,426028,4,3662,0,0,b'stress-ng-aio'
37820588600227,426028,4,0,1162,0,b'stress-ng-aio'
37820680161283,426036,0,3643,0,0,b'stress-ng-aio'
37820680453066,426038,2,0,314,0,b'stress-ng-aio'
37820680462292,426038,2,5478,0,0,b'stress-ng-aio'
37820680286576,426034,5,0,2053,0,b'stress-ng-aio'
37820725817192,426036,0,0,40354,0,b'stress-ng-aio'
37820726355098,426036,0,25418,0,0,b'stress-ng-aio'
37820726248113,426033,3,23207,0,0,b'stress-ng-aio'
37820725933439,426028,4,0,2187,0,b'stress-ng-aio'
37820726326200,426028,4,11611,0,0,b'stress-ng-aio'
37820726421036,426041,4,14752,0,0,b'stress-ng-aio'
37820726429306,426041,4,0,2561,0,b'stress-ng-aio'
37820726553511,426030,4,32370,0,0,b'stress-ng-aio'
37820725855945,426038,5,0,69754,0,b'stress-ng-aio'
37820726237766,426040,5,7539,0,0,b'stress-ng-aio'
37820726310147,426040,5,7539,0,0,b'stress-ng-aio'
37820726344906,426038,5,19627,0,0,b'stress-ng-aio'
37820726504146,426027,5,87694,0,0,b'stress-ng-aio'
37820725854343,426032,2,0,1785,0,b'stress-ng-aio'
37820726252489,426024,2,29912,0,0,b'stress-ng-aio'
37820726496153,426031,2,0,9896,0,b'stress-ng-aio'
37821005332133,426026,5,29842,0,0,b'stress-ng-aio'
37821005536859,426042,5,247887,0,0,b'stress-ng-aio'
37821005168225,426022,3,3896,0,0,b'stress-ng-aio'
37821005488427,426022,3,330709,0,0,b'stress-ng-aio'
37821005074362,426040,4,2404,0,0,b'stress-ng-aio'
37821005082854,426040,4,2404,0,0,b'stress-ng-aio'
37821005407328,426028,4,432525,0,0,b'stress-ng-aio'
37821234728261,426039,0,35017,0,0,b'stress-ng-aio'
37821234915825,426039,0,36853,0,0,b'stress-ng-aio'
37821234633474,426028,1,7473,0,0,b'stress-ng-aio'
37821234683762,426024,1,7473,0,0,b'stress-ng-aio'
37821234837799,426027,1,117294,0,0,b'stress-ng-aio'
37821234523042,426020,2,92127,0,0,b'stress-ng-aio'
37821509897293,426021,3,5313,0,0,b'stress-ng-aio'
37821509879304,426021,5,3683,0,0,b'stress-ng-aio'
37821509903103,426021,5,33629,0,0,b'stress-ng-aio'
37821509953444,426039,0,3622,0,0,b'stress-ng-aio'
37821509966172,426039,0,3622,0,0,b'stress-ng-aio'
37821510018841,426039,0,36241,0,0,b'stress-ng-aio'
37821509979984,426039,2,0,178,0,b'stress-ng-aio'
37821691682614,426043,0,21813,0,0,b'stress-ng-aio'
37821691697967,426043,0,0,28104,0,b'stress-ng-aio'
37821691791476,426035,0,21813,0,0,b'stress-ng-aio'
37821691581515,426021,5,0,148,0,b'stress-ng-aio'
37821691592541,426021,5,0,4153,0,b'stress-ng-aio'
37821691865208,426032,5,0,50695,0,b'stress-ng-aio'
37821691664157,426032,1,0,49483,0,b'stress-ng-aio'
37821691685194,426033,1,32514,0,0,b'stress-ng-aio'
37821967215290,426036,0,3340,0,0,b'stress-ng-aio'
37821967248802,426036,0,3340,0,0,b'stress-ng-aio'
37821967291670,426038,0,15339,0,0,b'stress-ng-aio'
37821967312436,426038,0,0,1218,0,b'stress-ng-aio'
37821967412260,426035,0,58177,0,0,b'stress-ng-aio'
37821967558426,426036,0,0,2645,0,b'stress-ng-aio'
37821967803794,426035,0,111229,0,0,b'stress-ng-aio'
37821967861139,426038,0,0,4527,0,b'stress-ng-aio'
37821967196586,426039,3,0,273,0,b'stress-ng-aio'
37821967220704,426039,3,0,273,0,b'stress-ng-aio'
37821967192270,426041,4,0,486,0,b'stress-ng-aio'
37821967200264,426041,4,0,486,0,b'stress-ng-aio'
37821967233516,426041,4,0,7961,0,b'stress-ng-aio'
37821968105891,426026,4,17771,0,0,b'stress-ng-aio'
37821967589414,426021,5,0,5436,0,b'stress-ng-aio'
37821967282169,426032,1,7684,0,0,b'stress-ng-aio'
37821967324551,426022,1,24633,0,0,b'stress-ng-aio'
37821967340561,426022,1,0,3536,0,b'stress-ng-aio'
37821967474353,426022,1,94237,0,0,b'stress-ng-aio'
37821967883272,426021,1,0,3536,0,b'stress-ng-aio'
37821967230187,426020,2,2892,0,0,b'stress-ng-aio'
37821967238913,426020,2,29683,0,0,b'stress-ng-aio'
37821967388005,426032,2,447080,0,0,b'stress-ng-aio'
37822658051278,426042,3,0,150,0,b'stress-ng-aio'
37822658057300,426042,3,0,2642,0,b'stress-ng-aio'
37822658064403,426042,3,8042,0,0,b'stress-ng-aio'
37822658133150,426042,3,8042,0,0,b'stress-ng-aio'
37822658160262,426028,3,21673,0,0,b'stress-ng-aio'
37822658205442,426025,3,0,57198,0,b'stress-ng-aio'
37822658052272,426040,4,41029,0,0,b'stress-ng-aio'
37822658157507,426023,4,0,13290,0,b'stress-ng-aio'
37822658318449,426031,4,838502,0,0,b'stress-ng-aio'
37822658144437,426042,0,4767,0,0,b'stress-ng-aio'
37822658225683,426042,0,94423,0,0,b'stress-ng-aio'
37822658133196,426041,1,36394,0,0,b'stress-ng-aio'
37822658136314,426041,1,0,8037,0,b'stress-ng-aio'
37822658333202,426036,1,86840,0,0,b'stress-ng-aio'
37822658063134,426037,2,28080,0,0,b'stress-ng-aio'
37822658097579,426040,5,48042,0,0,b'stress-ng-aio'
37822658173793,426037,5,0,62080,0,b'stress-ng-aio'
37822658321536,426043,5,212085,0,0,b'stress-ng-aio'
37824408084146,426029,2,318500,0,0,b'stress-ng-aio'
37824408552023,426043,3,29488,0,0,b'stress-ng-aio'
37824408674756,426027,3,29488,0,0,b'stress-ng-aio'
37824409064672,426025,3,66992,0,0,b'stress-ng-aio'
37824408081697,426038,4,27670,0,0,b'stress-ng-aio'
37824408318540,426040,4,466903,0,0,b'stress-ng-aio'
37824408094151,426033,0,129567,0,0,b'stress-ng-aio'
37824408465734,426034,1,148336,0,0,b'stress-ng-aio'
37824591518333,426030,2,0,4721,0,b'stress-ng-aio'
37824591409231,426040,0,0,2193,0,b'stress-ng-aio'
37824591493108,426040,0,19997,0,0,b'stress-ng-aio'
37824591555303,426040,0,0,133710,0,b'stress-ng-aio'
37824591621906,426030,0,19997,0,0,b'stress-ng-aio'
37824591746513,426024,0,36900,0,0,b'stress-ng-aio'
37824591508294,426027,3,16111,0,0,b'stress-ng-aio'
37824591562941,426027,3,16111,0,0,b'stress-ng-aio'
37824591622740,426027,3,50949,0,0,b'stress-ng-aio'
37824591414166,426030,4,0,28858,0,b'stress-ng-aio'
37824591512768,426041,5,0,1420,0,b'stress-ng-aio'
37824591650380,426041,5,0,2892,0,b'stress-ng-aio'
37824957906115,426039,5,0,319,0,b'stress-ng-aio'
37824957915118,426039,5,0,319,0,b'stress-ng-aio'
37824957918198,426039,5,0,4696,0,b'stress-ng-aio'
37824958079672,426039,5,20562,0,0,b'stress-ng-aio'
37824958139307,426024,5,0,168918,0,b'stress-ng-aio'
37824958179542,426040,5,20562,0,0,b'stress-ng-aio'
37824958291946,426028,5,43773,0,0,b'stress-ng-aio'
37824958067158,426040,0,56175,0,0,b'stress-ng-aio'
37824958227340,426024,1,21638,0,0,b'stress-ng-aio'
37824958313574,426024,1,46746,0,0,b'stress-ng-aio'
37824957945308,426039,2,0,6731,0,b'stress-ng-aio'
37824957952742,426039,2,6693,0,0,b'stress-ng-aio'
37824958036595,426039,2,24921,0,0,b'stress-ng-aio'
37824958073236,426039,3,59900,0,0,b'stress-ng-aio'
37824958106248,426024,3,0,1545,0,b'stress-ng-aio'
37824958322369,426024,3,0,1545,0,b'stress-ng-aio'
37824958746326,426024,3,606509,0,0,b'stress-ng-aio'
37824958083885,426028,4,3785,0,0,b'stress-ng-aio'
37824958320803,426028,4,0,586,0,b'stress-ng-aio'
37824958327897,426028,4,60078,0,0,b'stress-ng-aio'
37824958621366,426030,4,0,5052,0,b'stress-ng-aio'
37825372513909,426041,0,0,97,0,b'stress-ng-aio'
37825372517349,426041,0,0,97,0,b'stress-ng-aio'
37825372520445,426041,0,0,3584,0,b'stress-ng-aio'
37825372681690,426020,2,48766,0,0,b'stress-ng-aio'
37825372573525,426034,4,2239,0,0,b'stress-ng-aio'
37826982918456,426030,0,33412,0,0,b'stress-ng-aio'
37826982923386,426030,0,0,344,0,b'stress-ng-aio'
37826982933646,426022,0,0,1564,0,b'stress-ng-aio'
37826982999577,426032,0,0,20438,0,b'stress-ng-aio'
37826983217377,426032,0,159885,0,0,b'stress-ng-aio'
37826982939175,426043,1,276241,0,0,b'stress-ng-aio'
37826983035015,426033,1,0,83485,0,b'stress-ng-aio'
37826982920038,426029,2,0,408,0,b'stress-ng-aio'
37826982932495,426029,2,0,408,0,b'stress-ng-aio'
37826982942325,426029,2,0,4437,0,b'stress-ng-aio'
37826982959918,426033,2,263335,0,0,b'stress-ng-aio'
37826983335968,426033,2,0,53078,0,b'stress-ng-aio'
37826982917361,426028,3,16263,0,0,b'stress-ng-aio'
37826983199529,426027,3,0,2927,0,b'stress-ng-aio'
37826982928713,426039,4,0,745,0,b'stress-ng-aio'
37826982948042,426043,4,6990,0,0,b'stress-ng-aio'
37826982958487,426043,4,0,2730,0,b'stress-ng-aio'
37826983063419,426027,4,95317,0,0,b'stress-ng-aio'
37826982912218,426021,5,4063,0,0,b'stress-ng-aio'
37826982927848,426034,5,0,467,0,b'stress-ng-aio'
37826982937242,426034,5,19972,0,0,b'stress-ng-aio'
37826982955446,426022,5,0,1823,0,b'stress-ng-aio'
37826983007717,426024,5,0,9838,0,b'stress-ng-aio'
37826983029784,426024,5,105686,0,0,b'stress-ng-aio'
37827121482464,426036,4,49048,0,0,b'stress-ng-aio'
37827121227446,426027,3,0,1968,0,b'stress-ng-aio'
37827121301802,426027,3,0,1968,0,b'stress-ng-aio'
37827121456742,426032,3,54509,0,0,b'stress-ng-aio'
37827121362819,426035,5,50426,0,0,b'stress-ng-aio'
37827350401345,426032,0,0,887,0,b'stress-ng-aio'
37827350486888,426029,0,5028,0,0,b'stress-ng-aio'
37827350915646,426032,0,192212,0,0,b'stress-ng-aio'
37827350474090,426039,1,0,2501,0,b'stress-ng-aio'
37827350483053,426039,1,5874,0,0,b'stress-ng-aio'
37827350511050,426034,1,36759,0,0,b'stress-ng-aio'
37827350350686,426034,2,0,1348,0,b'stress-ng-aio'
37827350445503,426034,2,0,9969,0,b'stress-ng-aio'
37827350461406,426034,2,21276,0,0,b'stress-ng-aio'
37827350580466,426036,2,39543,0,0,b'stress-ng-aio'
37827350921790,426020,2,76153,0,0,b'stress-ng-aio'
37827350376935,426027,3,9208,0,0,b'stress-ng-aio'
37827350415865,426027,3,29609,0,0,b'stress-ng-aio'
37827350422461,426027,3,0,1065,0,b'stress-ng-aio'
37827350523652,426022,3,0,3183,0,b'stress-ng-aio'
37827350531110,426022,3,120950,0,0,b'stress-ng-aio'
37827351079546,426041,3,0,11742,0,b'stress-ng-aio'
37827350361518,426036,4,8635,0,0,b'stress-ng-aio'
37827350366724,426036,4,0,606,0,b'stress-ng-aio'
37827350439455,426036,4,0,606,0,b'stress-ng-aio'
37827350451437,426036,4,8635,0,0,b'stress-ng-aio'
37827350462842,426028,4,0,1571,0,b'stress-ng-aio'
37827350499290,426043,4,19558,0,0,b'stress-ng-aio'
37827350512732,426022,4,0,9778,0,b'stress-ng-aio'
37827350891681,426022,4,68239,0,0,b'stress-ng-aio'
37827350357467,426024,5,5253,0,0,b'stress-ng-aio'
37827350381448,426034,5,19522,0,0,b'stress-ng-aio'
37827350412091,426024,5,0,526,0,b'stress-ng-aio'
37827350444503,426033,5,0,4094,0,b'stress-ng-aio'
37827671738591,426026,1,10349,0,0,b'stress-ng-aio'
37827671908115,426035,1,19896,0,0,b'stress-ng-aio'
37827949460558,426041,3,0,624,0,b'stress-ng-aio'
37827949464509,426041,3,88551,0,0,b'stress-ng-aio'
37827949473662,426041,3,0,8480,0,b'stress-ng-aio'
37827949715264,426041,3,0,88392,0,b'stress-ng-aio'
37827950128534,426033,3,86417,0,0,b'stress-ng-aio'
37827949565586,426025,0,0,2049,0,b'stress-ng-aio'
37827949584292,426031,0,6228,0,0,b'stress-ng-aio'
37827949616118,426038,0,6228,0,0,b'stress-ng-aio'
37827949628652,426031,0,0,4158,0,b'stress-ng-aio'
37827949644437,426033,0,29906,0,0,b'stress-ng-aio'
37827949825180,426028,0,159032,0,0,b'stress-ng-aio'
37827949639456,426043,1,0,33684,0,b'stress-ng-aio'
37827949751348,426034,1,20490,0,0,b'stress-ng-aio'
37827949550438,426029,2,11449,0,0,b'stress-ng-aio'
37827949627578,426023,2,0,92859,0,b'stress-ng-aio'
37827949633711,426023,2,52111,0,0,b'stress-ng-aio'
37827950077100,426023,2,164969,0,0,b'stress-ng-aio'
37827949492538,426035,4,0,1055,0,b'stress-ng-aio'
37827949587778,426042,4,0,4930,0,b'stress-ng-aio'
37827949473006,426034,5,0,160,0,b'stress-ng-aio'
37827949481583,426034,5,0,2883,0,b'stress-ng-aio'
37827949619610,426026,5,26181,0,0,b'stress-ng-aio'
37827949691143,426034,5,0,44364,0,b'stress-ng-aio'
37827949778124,426034,5,43569,0,0,b'stress-ng-aio'
37828316443695,426035,1,11712,0,0,b'stress-ng-aio'
37828316598146,426029,0,0,245,0,b'stress-ng-aio'
37828316603894,426029,0,4828,0,0,b'stress-ng-aio'
37828499527353,426038,2,0,579,0,b'stress-ng-aio'
37828499549500,426038,2,0,10326,0,b'stress-ng-aio'
37828499569152,426038,2,6968,0,0,b'stress-ng-aio'
37828499721690,426027,2,112909,0,0,b'stress-ng-aio'
37828499768278,426032,0,0,661,0,b'stress-ng-aio'
37828499717386,426027,1,53197,0,0,b'stress-ng-aio'
37828499671409,426038,3,0,577,0,b'stress-ng-aio'
37828499689983,426032,3,0,2117,0,b'stress-ng-aio'
37828499640258,426027,5,0,281,0,b'stress-ng-aio'
37828682891824,426027,0,0,5011,0,b'stress-ng-aio'
37828683115672,426042,0,0,19683,0,b'stress-ng-aio'
37828683469567,426020,2,27947,0,0,b'stress-ng-aio'
37828682812805,426042,5,0,4038,0,b'stress-ng-aio'
37828682990133,426028,5,0,4038,0,b'stress-ng-aio'
37828683060217,426039,1,0,9224,0,b'stress-ng-aio'
37828683093511,426024,3,0,2305,0,b'stress-ng-aio'
37829050502150,426032,2,0,314,0,b'stress-ng-aio'
37829650848900,426039,2,0,102,0,b'stress-ng-aio'
37829650853492,426039,2,0,3631,0,b'stress-ng-aio'
37830203434621,426042,3,0,646,0,b'stress-ng-aio'
37830203438091,426042,3,5726,0,0,b'stress-ng-aio'
37830203362269,426034,5,25998,0,0,b'stress-ng-aio'
37830524377338,426020,0,21472,0,0,b'stress-ng-aio'
37830524515688,426043,0,231872,0,0,b'stress-ng-aio'
37830524536957,426020,0,0,3769,0,b'stress-ng-aio'
37830524412993,426039,2,19699,0,0,b'stress-ng-aio'
37830524488302,426036,2,47698,0,0,b'stress-ng-aio'
37830524605246,426024,2,0,40471,0,b'stress-ng-aio'
37830524392581,426040,3,2840,0,0,b'stress-ng-aio'
37830524435735,426042,3,29574,0,0,b'stress-ng-aio'
37830524438587,426042,3,0,851,0,b'stress-ng-aio'
37830524464467,426026,3,0,1013,0,b'stress-ng-aio'
37830524497322,426042,3,0,5792,0,b'stress-ng-aio'
37830524540169,426026,3,111587,0,0,b'stress-ng-aio'
37830524395030,426031,4,0,133,0,b'stress-ng-aio'
37830524420705,426031,4,2548,0,0,b'stress-ng-aio'
37830524440634,426020,4,11282,0,0,b'stress-ng-aio'
37830524326059,426039,5,9665,0,0,b'stress-ng-aio'
37830524333449,426039,5,0,3205,0,b'stress-ng-aio'
37830524496939,426033,5,19297,0,0,b'stress-ng-aio'
37830524526170,426038,5,0,3205,0,b'stress-ng-aio'
37830524599552,426023,5,57547,0,0,b'stress-ng-aio'
37830524674552,426039,5,0,4883,0,b'stress-ng-aio'
37831074319295,426035,3,0,120,0,b'stress-ng-aio'
37831074333141,426035,3,0,1924,0,b'stress-ng-aio'
37831074391214,426038,3,0,19069,0,b'stress-ng-aio'
37831074290828,426029,5,0,65,0,b'stress-ng-aio'
37831074328845,426029,5,0,1426,0,b'stress-ng-aio'
37831074998388,426028,5,0,16927,0,b'stress-ng-aio'
37831074336891,426043,0,0,885,0,b'stress-ng-aio'
37831074362140,426043,0,0,2787,0,b'stress-ng-aio'
37831074454337,426042,0,0,16241,0,b'stress-ng-aio'
37831075010919,426034,0,1390,0,0,b'stress-ng-aio'
37831075019354,426034,0,1401,0,0,b'stress-ng-aio'
37831075028526,426034,0,21781,0,0,b'stress-ng-aio'
37831074340280,426028,1,0,166778,0,b'stress-ng-aio'
37831074366465,426041,2,0,316,0,b'stress-ng-aio'
37831074373213,426027,2,0,3122,0,b'stress-ng-aio'
37831074438197,426036,2,0,60547,0,b'stress-ng-aio'
37831075014358,426036,2,1315,0,0,b'stress-ng-aio'
37831075020955,426036,2,1315,0,0,b'stress-ng-aio'
37831075050414,426036,2,25612,0,0,b'stress-ng-aio'
37831075571053,426032,2,131157,0,0,b'stress-ng-aio'
37831074328204,426030,4,0,80,0,b'stress-ng-aio'
37831074345500,426022,4,0,6430,0,b'stress-ng-aio'
37831308153404,426039,3,5430,0,0,b'stress-ng-aio'
37831446792307,426033,0,6275,0,0,b'stress-ng-aio'
37831446822437,426040,5,16803,0,0,b'stress-ng-aio'
37831446959072,426040,5,16803,0,0,b'stress-ng-aio'
37831765965203,426021,5,0,355,0,b'stress-ng-aio'
37831765994846,426021,5,0,13147,0,b'stress-ng-aio'
37831766043040,426021,5,4998,0,0,b'stress-ng-aio'
37831766123821,426021,5,33137,0,0,b'stress-ng-aio'
37831766347231,426039,5,80271,0,0,b'stress-ng-aio'
37831766031431,426040,0,3455,0,0,b'stress-ng-aio'
37831766046707,426033,0,14341,0,0,b'stress-ng-aio'
37831766152086,426033,0,129913,0,0,b'stress-ng-aio'
37831766061289,426020,1,8090,0,0,b'stress-ng-aio'
37831766113959,426020,1,21343,0,0,b'stress-ng-aio'
37831766213323,426035,1,69161,0,0,b'stress-ng-aio'
37831766131267,426024,2,0,1141,0,b'stress-ng-aio'
37831766140147,426024,2,133929,0,0,b'stress-ng-aio'
37831766173050,426036,2,0,1141,0,b'stress-ng-aio'
37831766260131,426027,2,0,4416,0,b'stress-ng-aio'
37831766026948,426038,3,4509,0,0,b'stress-ng-aio'
37831766050253,426021,3,4219,0,0,b'stress-ng-aio'
37831766053675,426021,3,0,455,0,b'stress-ng-aio'
37831766284278,426029,3,0,79560,0,b'stress-ng-aio'
37831766025416,426036,4,0,20850,0,b'stress-ng-aio'
37831766332602,426033,4,28452,0,0,b'stress-ng-aio'
37832732651943,426020,0,0,1142,0,b'stress-ng-aio'
37832732731970,426020,0,0,41336,0,b'stress-ng-aio'
37832732670629,426032,2,23688,0,0,b'stress-ng-aio'
37832732759993,426031,2,0,1981,0,b'stress-ng-aio'
37832732769202,426031,2,220417,0,0,b'stress-ng-aio'
37832732974393,426036,2,0,1981,0,b'stress-ng-aio'
37832733200984,426031,2,0,3264,0,b'stress-ng-aio'
37832732604835,426039,4,0,513,0,b'stress-ng-aio'
37832732627092,426039,4,14282,0,0,b'stress-ng-aio'
37832732696052,426022,4,0,2753,0,b'stress-ng-aio'
37832732735850,426031,4,14282,0,0,b'stress-ng-aio'
37832732638764,426034,5,2360,0,0,b'stress-ng-aio'
37832732650950,426034,5,2577,0,0,b'stress-ng-aio'
37832732659911,426034,5,28637,0,0,b'stress-ng-aio'
37832732839477,426035,5,0,1831,0,b'stress-ng-aio'
37832733011546,426035,5,0,1831,0,b'stress-ng-aio'
37832733277624,426030,5,0,3367,0,b'stress-ng-aio'
37832732745750,426029,1,0,77594,0,b'stress-ng-aio'
37832732939774,426034,1,59826,0,0,b'stress-ng-aio'
37832733252794,426029,1,92158,0,0,b'stress-ng-aio'
37833834224318,426025,3,0,692,0,b'stress-ng-aio'
37833834096359,426041,4,0,548,0,b'stress-ng-aio'
37833834216049,426020,4,0,6445,0,b'stress-ng-aio'
37834205016394,426034,1,0,244,0,b'stress-ng-aio'
37834205023309,426034,1,0,1852,0,b'stress-ng-aio'
37834204968320,426029,5,0,378,0,b'stress-ng-aio'
37834938064062,426043,0,0,83,0,b'stress-ng-aio'
37834938066901,426043,0,0,83,0,b'stress-ng-aio'
37834938069667,426043,0,0,3584,0,b'stress-ng-aio'
37834938050368,426031,3,0,21808,0,b'stress-ng-aio'
37834938157086,426026,4,0,1029,0,b'stress-ng-aio'
37834938281228,426028,4,0,1029,0,b'stress-ng-aio'
37835449577081,426041,3,12235,0,0,b'stress-ng-aio'
37835449692995,426032,3,41204,0,0,b'stress-ng-aio'
37835449184890,426023,5,3801,0,0,b'stress-ng-aio'
37835449204259,426023,5,12425,0,0,b'stress-ng-aio'
37835725425760,426025,4,2252,0,0,b'stress-ng-aio'
